﻿<Config>
    <Investor ID="81332957" BrokerName="瑞龙期货" BrokerConfig="rlqh_real.xml" BrokerServer="电信网络" LastLoginTime="20160620164343" />
    <Mail Name="TickQuantService@163.com" Password="2016@SZ" />
    <DefaultQuant>1</DefaultQuant>
    <DefaultOrderOption>1</DefaultOrderOption>
    <DefaultUILayout>Professional</DefaultUILayout>
    <DefaultInstrumentIDGroup>自定义合约组</DefaultInstrumentIDGroup>
    <ConfirmOrder>false</ConfirmOrder>
    <TradingDay>20180124</TradingDay>
    <RequestID>0</RequestID>
    <UsePreSettlementPrice>true</UsePreSettlementPrice>
    <AccountDataGridColumns>
        <item Title="交易所" Display="True" Name="ExchangeID" Sort="1" />
        <item Title="投资者代码" Display="True" Name="InvestorID" Sort="2" />
        <item Title="货币代码" Display="True" Name="DigitalCurrencyID" Sort="3" />
        <item Title="当前权益" Display="True" Name="Equity" Sort="4" />
        <item Title="比特币计价权益" Display="True" Name="BalanceBtc" Sort="5" />
        <item Title="持仓盈亏" Display="True" Name="PositionProfit" Sort="6" />
        <item Title="使用保证金" Display="True" Name="UsedMargin" Sort="7" />
        <item Title="平仓盈亏" Display="True" Name="CloseProfit" Sort="8" />
        <item Title="手续费" Display="False" Name="Commission" Sort="9" />
        <item Title="冻结保证金" Display="True" Name="FrozenMargin" Sort="10" />
        <item Title="可用资金" Display="True" Name="Available" Sort="11" />
        <item Title="风险率" Display="True" Name="Risk" Sort="12" />
        <item Title="冻结手续费" Display="False" Name="FrozenCommission" Sort="13" />
    </AccountDataGridColumns>
    <InstrumentDataGridColumns>
        <item Title="合约名称" Display="True" Name="Name" Sort="1" />
        <item Title="合约代码" Display="True" Name="ContractId" Sort="2" />
        <item Title="交易合约" Display="True" Name="InstrumentID" Sort="3" />
        <item Title="交易所" Display="True" Name="ExchangeID" Sort="4" />
        <item Title="最小变动价位" Display="True" Name="PriceTick" Sort="5" />
        <item Title="标的类别" Display="True" Name="ProductClass" Sort="6" />
        <item Title="交割日期" Display="False" Name="DeliveryDate" Sort="7" />
        <item Title="合约阶段" Display="True" Name="InstLifePhase" Sort="8" />
        <item Title="是否交易" Display="True" Name="IsTrading" Sort="9" />
        <item Title="合约价值" Display="True" Name="ContractValue" Sort="10" />
        <item Title="交割价格" Display="True" Name="DeliveryPrice" Sort="11" />
        <item Title="组合类型" Display="True" Name="CombinationType" Sort="12" />
    </InstrumentDataGridColumns>
    <MarketDataGridColumns>
        <item Title="交易所" Display="True" Name="ExchangeID" Sort="1" />
        <item Title="标的编码" Display="True" Name="InstrumentID" Sort="2" />
        <item Title="名称" Display="True" Name="BaseName" Sort="3" />
        <item Title="最新价" Display="True" Name="LastPrice" Sort="4" />
        <item Title="涨跌" Display="False" Name="Change" Sort="5" />
        <item Title="买量五" Display="False" Name="BidSize5" Sort="6" />
        <item Title="买价五" Display="False" Name="BidPrice5" Sort="7" />
        <item Title="买量四" Display="False" Name="BidSize4" Sort="8" />
        <item Title="买价四" Display="False" Name="BidPrice4" Sort="9" />
        <item Title="买量三" Display="False" Name="BidSize3" Sort="10" />
        <item Title="买价三" Display="False" Name="BidPrice3" Sort="11" />
        <item Title="买量二" Display="False" Name="BidSize2" Sort="12" />
        <item Title="买价二" Display="False" Name="BidPrice2" Sort="13" />
        <item Title="买量一" Display="True" Name="BidSize1" Sort="14" />
        <item Title="买价一" Display="True" Name="BidPrice1" Sort="15" />
        <item Title="卖价一" Display="True" Name="AskPrice1" Sort="16" />
        <item Title="卖量一" Display="True" Name="AskSize1" Sort="17" />
        <item Title="卖价二" Display="False" Name="AskPrice2" Sort="18" />
        <item Title="卖量二" Display="False" Name="AskSize2" Sort="19" />
        <item Title="卖价三" Display="False" Name="AskPrice3" Sort="20" />
        <item Title="卖量三" Display="False" Name="AskSize3" Sort="21" />
        <item Title="卖价四" Display="False" Name="AskPrice4" Sort="22" />
        <item Title="卖量四" Display="False" Name="AskSize4" Sort="23" />
        <item Title="卖价五" Display="False" Name="AskPrice5" Sort="24" />
        <item Title="卖量五" Display="False" Name="AskSize5" Sort="25" />
        <item Title="最高价" Display="False" Name="HighestPrice" Sort="26" />
        <item Title="最低价" Display="False" Name="LowestPrice" Sort="27" />
        <item Title="成交量" Display="False" Name="Volume" Sort="28" />
        <item Title="合约编号" Display="False" Name="ContractId" Sort="29" />
        <item Title="持仓量" Display="False" Name="OpenInterest" Sort="30" />
        <item Title="更新时间" Display="True" Name="UpdateTime" Sort="31" />
        <item Title="涨停价" Display="False" Name="LimitHigh" Sort="32" />
        <item Title="跌停价" Display="False" Name="LimitLow" Sort="33" />
        <item Title="自定义品种" Display="False" Name="IsCombo" Sort="34" />
    </MarketDataGridColumns>
    <TodayOrdersGridColumns>
        <item Title="合约" Display="True" Name="InstrumentID" Sort="1" />
        <item Title="多空" Display="True" Name="Direction" Sort="2" />
        <item Title="投保" Display="False" Name="Hedge" Sort="3" />
        <item Title="开平" Display="True" Name="Offset" Sort="4" />
        <item Title="交易所" Display="True" Name="ExchangeID" Sort="5" />
        <item Title="客户代码" Display="False" Name="InvestorID" Sort="6" />
        <item Title="报单价格条件" Display="False" Name="OrderPriceType" Sort="7" />
        <item Title="组合开平标志" Display="False" Name="CombOffsetFlag" Sort="8" />
        <item Title="价格" Display="True" Name="OrderPrice" Sort="9" />
        <item Title="报单数量" Display="True" Name="OrderSize" Sort="10" />
        <item Title="触发条件" Display="False" Name="ContingentCondition" Sort="11" />
        <item Title="触发价" Display="False" Name="StopPrice" Sort="12" />
        <item Title="报单提交状态" Display="False" Name="OrderSubmitStatus" Sort="13" />
        <item Title="报单状态" Display="True" Name="OrderStatus" Sort="14" />
        <item Title="报单类型" Display="True" Name="OrderPriceType" Sort="15" />
        <item Title="委托时间" Display="True" Name="CreateTime" Sort="16" />
        <item Title="状态信息" Display="False" Name="StatusMsg" Sort="17" />
        <item Title="成交数量" Display="True" Name="QuantFilled" Sort="18" />
        <item Title="未成交数量" Display="True" Name="QuantUnfilled" Sort="19" />
        <item Title="报单编号" Display="False" Name="OrderID" Sort="20" />
        <item Title="更新时间" Display="True" Name="UpdateTime" Sort="21" />
    </TodayOrdersGridColumns>
    <SettledOrdersGridColumns>
        <item Title="合约" Display="True" Name="InstrumentID" Sort="1" />
        <item Title="多空" Display="True" Name="Direction" Sort="2" />
        <item Title="投保" Display="False" Name="Hedge" Sort="3" />
        <item Title="开平" Display="True" Name="Offset" Sort="4" />
        <item Title="交易所" Display="False" Name="ExchangeName" Sort="5" />
        <item Title="报单价格条件" Display="False" Name="OrderPriceType" Sort="6" />
        <item Title="组合开平标志" Display="False" Name="CombOffsetFlag" Sort="7" />
        <item Title="价格" Display="True" Name="OrderPrice" Sort="8" />
        <item Title="报单数量" Display="True" Name="OrderSize" Sort="9" />
        <item Title="触发条件" Display="False" Name="ContingentCondition" Sort="10" />
        <item Title="触发价" Display="False" Name="StopPrice" Sort="11" />
        <item Title="报单提交状态" Display="False" Name="OrderSubmitStatus" Sort="12" />
        <item Title="报单状态" Display="True" Name="OrderStatus" Sort="13" />
        <item Title="报单类型" Display="True" Name="OrderPriceType" Sort="14" />
        <item Title="委托时间" Display="True" Name="CreateTime" Sort="15" />
        <item Title="状态信息" Display="False" Name="StatusMsg" Sort="16" />
        <item Title="成交数量" Display="True" Name="QuantFilled" Sort="17" />
        <item Title="未成交数量" Display="True" Name="QuantUnfilled" Sort="18" />
        <item Title="更新时间" Display="True" Name="UpdateTime" Sort="19" />
        <item Title="客户代码" Display="True" Name="InvestorID" Sort="20" />
        <item Title="报单编号" Display="True" Name="OrderID" Sort="21" />
    </SettledOrdersGridColumns>
    <ComplexOrdersGridColumns>
        <item Title="合约" Display="True" Name="InstrumentID" Sort="1" />
        <item Title="多空" Display="True" Name="Direction" Sort="2" />
        <item Title="投保" Display="True" Name="Hedge" Sort="3" />
        <item Title="开平" Display="True" Name="Offset" Sort="4" />
        <item Title="交易所" Display="False" Name="ExchangeID" Sort="5" />
        <item Title="客户代码" Display="False" Name="InvestorID" Sort="6" />
        <item Title="报单价格条件" Display="True" Name="OrderPriceType" Sort="7" />
        <item Title="组合开平标志" Display="False" Name="CombOffsetFlag" Sort="8" />
        <item Title="价格" Display="True" Name="OrderPrice" Sort="9" />
        <item Title="报单数量" Display="True" Name="OrderSize" Sort="10" />
        <item Title="触发条件" Display="True" Name="ContingentCondition" Sort="11" />
        <item Title="触发价" Display="True" Name="StopPrice" Sort="12" />
        <item Title="报单提交状态" Display="True" Name="OrderSubmitStatus" Sort="13" />
        <item Title="报单状态" Display="True" Name="OrderStatus" Sort="14" />
        <item Title="报单类型" Display="False" Name="OrderPriceType" Sort="15" />
        <item Title="委托时间" Display="True" Name="CreateTime" Sort="16" />
        <item Title="状态信息" Display="True" Name="StatusMsg" Sort="17" />
        <item Title="成交数量" Display="True" Name="QuantFilled" Sort="18" />
        <item Title="未成交数量" Display="True" Name="QuantUnfilled" Sort="19" />
        <item Title="报单编号" Display="True" Name="OrderID" Sort="20" />
        <item Title="更新时间" Display="True" Name="UpdateTime" Sort="21" />
    </ComplexOrdersGridColumns>
    <UnsettledOrdersGridColumns>
        <item Title="合约" Display="True" Name="InstrumentID" Sort="1" />
        <item Title="多空" Display="True" Name="Direction" Sort="2" />
        <item Title="投保" Display="False" Name="Hedge" Sort="3" />
        <item Title="开平" Display="True" Name="Offset" Sort="4" />
        <item Title="交易所" Display="True" Name="ExchangeID" Sort="5" />
        <item Title="组合开平标志" Display="False" Name="CombOffsetFlag" Sort="6" />
        <item Title="价格" Display="True" Name="OrderPrice" Sort="7" />
        <item Title="报单数量" Display="True" Name="OrderSize" Sort="8" />
        <item Title="触发条件" Display="False" Name="ContingentCondition" Sort="9" />
        <item Title="报单价格条件" Display="False" Name="OrderPriceType" Sort="10" />
        <item Title="触发价" Display="False" Name="StopPrice" Sort="11" />
        <item Title="报单提交状态" Display="False" Name="OrderSubmitStatus" Sort="12" />
        <item Title="报单状态" Display="True" Name="OrderStatus" Sort="13" />
        <item Title="报单类型" Display="True" Name="OrderPriceType" Sort="14" />
        <item Title="状态信息" Display="False" Name="StatusMsg" Sort="15" />
        <item Title="成交数量" Display="True" Name="QuantFilled" Sort="16" />
        <item Title="未成交数量" Display="True" Name="QuantUnfilled" Sort="17" />
        <item Title="委托时间" Display="True" Name="CreateTime" Sort="18" />
        <item Title="更新时间" Display="True" Name="UpdateTime" Sort="19" />
        <item Title="客户代码" Display="True" Name="InvestorID" Sort="20" />
        <item Title="报单编号" Display="True" Name="OrderID" Sort="21" />
    </UnsettledOrdersGridColumns>
    <CanceledOrdersGridColumns>
        <item Title="合约" Display="True" Name="InstrumentID" Sort="1" />
        <item Title="多空" Display="True" Name="Direction" Sort="2" />
        <item Title="投保" Display="True" Name="Hedge" Sort="3" />
        <item Title="开平" Display="True" Name="Offset" Sort="4" />
        <item Title="交易所" Display="False" Name="ExchangeName" Sort="5" />
        <item Title="客户代码" Display="False" Name="InvestorID" Sort="6" />
        <item Title="报单价格条件" Display="True" Name="OrderPriceType" Sort="7" />
        <item Title="组合开平标志" Display="False" Name="CombOffsetFlag" Sort="8" />
        <item Title="价格" Display="True" Name="OrderPrice" Sort="9" />
        <item Title="报单数量" Display="True" Name="OrderSize" Sort="10" />
        <item Title="触发条件" Display="True" Name="ContingentCondition" Sort="11" />
        <item Title="触发价" Display="True" Name="StopPrice" Sort="12" />
        <item Title="报单提交状态" Display="True" Name="OrderSubmitStatus" Sort="13" />
        <item Title="报单状态" Display="True" Name="OrderStatus" Sort="14" />
        <item Title="报单类型" Display="False" Name="OrderPriceType" Sort="15" />
        <item Title="委托时间" Display="True" Name="CreateTime" Sort="16" />
        <item Title="状态信息" Display="True" Name="StatusMsg" Sort="17" />
        <item Title="成交数量" Display="True" Name="QuantFilled" Sort="18" />
        <item Title="未成交数量" Display="True" Name="QuantUnfilled" Sort="19" />
        <item Title="报单编号" Display="True" Name="OrderID" Sort="20" />
        <item Title="更新时间" Display="True" Name="UpdateTime" Sort="21" />
    </CanceledOrdersGridColumns>
    <ManualPositionGridColumns />
    <StrategyPositionGridColumns />
    <PositionSummaryGridColumns>
        <item Title="合约代码" Display="True" Name="InstrumentID" Sort="1" />
        <item Title="客户代码" Display="True" Name="InvestorID" Sort="2" />
        <item Title="交易所" Display="True" Name="ExchangeID" Sort="3" />
        <item Title="杠杆比率" Display="True" Name="LeverRate" Sort="4" />
        <item Title="多头持仓" Display="True" Name="LongPosition" Sort="5" />
        <item Title="多仓可平" Display="True" Name="LongAvailable" Sort="6" />
        <item Title="多仓盈利" Display="True" Name="LongRealProfit" Sort="7" />
        <item Title="多仓浮盈" Display="False" Name="LongUnrealProfit" Sort="8" />
        <item Title="多仓均价" Display="True" Name="LongAvg" Sort="9" />
        <item Title="空头持仓" Display="True" Name="ShortPosition" Sort="10" />
        <item Title="空仓可平" Display="True" Name="ShortAvailable" Sort="11" />
        <item Title="空仓盈利" Display="True" Name="ShortRealProfit" Sort="12" />
        <item Title="空仓浮盈" Display="False" Name="ShortUnrealProfit" Sort="13" />
        <item Title="空仓均价" Display="True" Name="ShortAvg" Sort="14" />
        <item Title="建仓日期" Display="True" Name="CreateDate" Sort="15" />
        <item Title="强平价格" Display="False" Name="ForcePrice" Sort="16" />
        <item Title="合约类型" Display="False" Name="ContractType" Sort="17" />
    </PositionSummaryGridColumns>
    <PositionDetailsGridColumns>
        <item Title="合约" Display="True" Name="InstrumentID" Sort="1" />
        <item Title="经纪商代码" Display="False" Name="BrokerID" Sort="2" />
        <item Title="投资者代码" Display="False" Name="InvestorID" Sort="3" />
        <item Title="持仓类别" Display="True" Name="Direction" Sort="4" />
        <item Title="投保类别" Display="False" Name="HedgeFlag" Sort="5" />
        <item Title="保证金率(按手数)" Display="False" Name="MarginRateByVolume" Sort="6" />
        <item Title="开仓日期" Display="True" Name="OpenDate" Sort="7" />
        <item Title="成交编号" Display="True" Name="TradeID" Sort="8" />
        <item Title="开仓价" Display="True" Name="OpenPrice" Sort="9" />
        <item Title="数量" Display="True" Name="Volume" Sort="10" />
        <item Title="交易日" Display="True" Name="TradingDay" Sort="11" />
        <item Title="结算编号" Display="False" Name="SettlementID" Sort="12" />
        <item Title="成交类型" Display="False" Name="TradeType" Sort="13" />
        <item Title="组合合约代码" Display="False" Name="CombInstrumentID" Sort="14" />
        <item Title="交易所代码" Display="False" Name="ExchangeID" Sort="15" />
        <item Title="投资者保证金" Display="True" Name="Margin" Sort="16" />
        <item Title="交易所保证金" Display="False" Name="ExchMargin" Sort="17" />
        <item Title="平仓金额" Display="True" Name="CloseAmount" Sort="20" />
        <item Title="持仓类型" Display="True" Name="PositionType" Sort="21" />
        <item Title="保证金率" Display="True" Name="MarginRateByMoney" Sort="22" />
        <item Title="结算价" Display="False" Name="SettlementPrice" Sort="23" />
    </PositionDetailsGridColumns>
    <ComboPositionGridColumns />
    <TradeDetailsGridColumns>
        <item Title="合约" Display="True" Name="InstrumentID" Sort="1" />
        <item Title="投资者" Display="True" Name="InvestorID" Sort="2" />
        <item Title="开平类别" Display="True" Name="Offset" Sort="3" />
        <item Title="多空方向" Display="True" Name="Direction" Sort="4" />
        <item Title="委托价" Display="True" Name="OrderPrice" Sort="5" />
        <item Title="成交均价" Display="True" Name="AvgPrice" Sort="6" />
        <item Title="委托数量" Display="True" Name="Quant" Sort="7" />
        <item Title="成交数量" Display="True" Name="QuantTraded" Sort="8" />
        <item Title="成交状态" Display="True" Name="OrderStatus" Sort="9" />
        <item Title="更新时间" Display="True" Name="UpdateTime" Sort="10" />
        <item Title="报单时间" Display="True" Name="OrderTime" Sort="11" />
        <item Title="交易所" Display="True" Name="ExchangeID" Sort="12" />
        <item Title="报单编号" Display="True" Name="TradeID" Sort="13" />
        <item Title="手续费" Display="True" Name="Commission" Sort="14" />
    </TradeDetailsGridColumns>
    <TradeSummaryGridColumns>
        <item Title="合约名称" Display="False" Name="InstrumentName" Sort="1" />
        <item Title="合约代码" Display="True" Name="InstrumentID" Sort="2" />
        <item Title="多空" Display="True" Name="Direction" Sort="3" />
        <item Title="数量" Display="True" Name="Volume" Sort="4" />
        <item Title="开平类别" Display="True" Name="Offset" Sort="5" />
        <item Title="投资者代码" Display="True" Name="InvestorID" Sort="6" />
        <item Title="成交均价" Display="True" Name="AvgPrice" Sort="7" />
        <item Title="交易日" Display="True" Name="TradingDay" Sort="8" />
        <item Title="手续费" Display="False" Name="Commission" Sort="9" />
        <item Title="用户代码" Display="True" Name="UserID" Sort="10" />
        <item Title="交易所" Display="True" Name="ExchangeID" Sort="11" />
        <item Title="交易所" Display="True" Name="ExchangeID" Sort="12" />
    </TradeSummaryGridColumns>
    <AccountregisterDataGridColumns />
    <TransferSerialDataGridColumns />
    <DefaultQuant>
        <item ID="3" InstrumentID="a1701" Quant="5" CmdKey="Control+Z" />
        <item ID="4" InstrumentID="rb1610" Quant="2" CmdKey="Control+A" />
    </DefaultQuant>
    <SelectedInstrumentIDGroup>
        <Group ID="1" Name="自定义合约组">
            <item InstrumentID="btc_quarter" ExchangeID="OkexFutures" PriceTick="0.01" ContractValue="100" Name="BitCoin" DeliveryPrice="0" />
            <item InstrumentID="btc_next_week" ExchangeID="OkexFutures" PriceTick="0.01" ContractValue="100" Name="BitCoin" DeliveryPrice="0" />
            <item InstrumentID="btc_this_week" ExchangeID="OkexFutures" PriceTick="0.01" ContractValue="100" Name="BitCoin" DeliveryPrice="0" />
            <item InstrumentID="XBTUSD" ExchangeID="BitMex" PriceTick="0.5" ContractValue="1" Name="XBTUSD" DeliveryPrice="0" />
            <item InstrumentID="eth_quarter" ExchangeID="OkexFutures" PriceTick="0.001" ContractValue="10" Name="Ethereum" DeliveryPrice="0" />
            <item InstrumentID="eth_next_week" ExchangeID="OkexFutures" PriceTick="0.001" ContractValue="10" Name="Ethereum" DeliveryPrice="0" />
            <item InstrumentID="eth_this_week" ExchangeID="OkexFutures" PriceTick="0.001" ContractValue="10" Name="Ethereum" DeliveryPrice="0" />
            <item InstrumentID="eos_quarter" ExchangeID="OkexFutures" PriceTick="0.001" ContractValue="10" Name="EOS" DeliveryPrice="0" />
            <item InstrumentID="eos_this_week" ExchangeID="OkexFutures" PriceTick="0.001" ContractValue="10" Name="EOS" DeliveryPrice="0" />
            <item InstrumentID="1*btc_quarter-1*btc_this_week" ExchangeID="OkexFutures" PriceTick="0" ContractValue="0" DeliveryPrice="0" />
            <item InstrumentID="1*btc_quarter-100*XBTUSD" ExchangeID="OkexFutures" PriceTick="0" ContractValue="0" Name="ok-bmquarter-usd" DeliveryPrice="0" />
            <item InstrumentID="1*btc_quarter-1*btc_usd_swap" ExchangeID="OkexFutures" PriceTick="1" ContractValue="0" Name="季度永续套利" DeliveryPrice="0" />
            <item InstrumentID="1*btc_quarter-1*btc_next_week" ExchangeID="OkexFutures" PriceTick="0" ContractValue="0" DeliveryPrice="0" />
            <item InstrumentID="1*btc_this_week-100*XBTUSD" ExchangeID="OkexFutures" PriceTick="0" ContractValue="0" Name="移仓ok-bm" DeliveryPrice="0" />
            <item InstrumentID="1*btc_quarter-100*XBTU19" ExchangeID="OkexFutures" PriceTick="0" ContractValue="0" DeliveryPrice="0" />
            <item InstrumentID="1*eth_next_week-1*eth_this_week" ExchangeID="OkexFutures" PriceTick="0" ContractValue="0" DeliveryPrice="0" />
            <item InstrumentID="1*eth_quarter-1*eth_this_week" ExchangeID="OkexFutures" PriceTick="0" ContractValue="0" DeliveryPrice="0" />
            <item InstrumentID="1*eth_quarter-1*eth_next_week" ExchangeID="OkexFutures" PriceTick="0" ContractValue="0" DeliveryPrice="0" />
            <item InstrumentID="1*eos_quarter-1*eos_next_week" ExchangeID="OkexFutures" PriceTick="0" ContractValue="0" Name="柚子季度下周套" DeliveryPrice="0" />
            <item InstrumentID="1*eos_quarter-1*eos_this_week" ExchangeID="OkexFutures" PriceTick="0" ContractValue="0" Name="柚子季度当周跨" DeliveryPrice="0" />
            <item InstrumentID="XBTU19" ExchangeID="BitMex" PriceTick="0.5" ContractValue="1" Name="XBTU19" DeliveryPrice="0" />
            <item InstrumentID="eos_usd_swap" ExchangeID="OkexSwap" PriceTick="0.001" ContractValue="10" Name="EOS" DeliveryPrice="0" />
            <item InstrumentID="btc_usd_swap" ExchangeID="OkexSwap" PriceTick="0.01" ContractValue="100" Name="BitCoin" DeliveryPrice="0" />
            <item InstrumentID="eth_usd_swap" ExchangeID="OkexSwap" PriceTick="0.01" ContractValue="100" Name="BitCoin" DeliveryPrice="0" />
        </Group>
    </SelectedInstrumentIDGroup>
    <InstrumentNameDict>
        <item ProductID="btc" ProductName="比特币" />
        <item ProductID="eth" ProductName="以太币" />
        <item ProductID="eos" ProductName="柚子币" />
    </InstrumentNameDict>
    <Color>
        <GridBackground A="255" R="234" G="234" B="234" />
        <GridForeground A="255" R="49" G="49" B="49" />
        <ChangeUpForeground A="255" R="246" G="1" B="0" />
        <ChangeDownForeground A="255" R="0" G="153" B="1" />
        <ChangeStableForeground A="255" R="255" G="0" B="255" />
    </Color>
    <TradeCmdActions>
        <item ID="1" CmdKey="Control+Shift+C" Action="撤单" />
        <item ID="2" CmdKey="Control+Shift+A" Action="全撤" />
    </TradeCmdActions>
    <LocalMaintainSet IsInitQryProduct="false" IsInitQryInstrument="false" IsInitQryMargin="false" IsInitQryCommission="false" />
</Config>