﻿<Config>
    <Instruments>
        <item InstrumentID="btc180330" Exchange="Okex" Unit_Amount="100" ProductClass="期货" Name="比特币" ContractID="2018033013" DeliveryDate="20180330" InstLifePhase="上市" IsTrading="是" SettlementPrice="0" CombinationType="期货"/>
        <item InstrumentID="btc180209" Exchange="Okex" Unit_Amount="100" ProductClass="期货" Name="比特币" ContractID="20180209" DeliveryDate="20180209" InstLifePhase="上市" IsTrading="是" SettlementPrice="0" CombinationType="期货"/>
		<item InstrumentID="btc180216" Exchange="Okex" Unit_Amount="100" ProductClass="期货" Name="比特币" ContractID="20180209" DeliveryDate="20180216" InstLifePhase="上市" IsTrading="是" SettlementPrice="0" CombinationType="期货"/>
		<item InstrumentID="eth180209" Exchange="Okex" Unit_Amount="10" ProductClass="期货" Name="以太币" ContractID="20180209" DeliveryDate="20180209" InstLifePhase="上市" IsTrading="是" SettlementPrice="0" CombinationType="期货"/>
		<item InstrumentID="eth180216" Exchange="Okex" Unit_Amount="10" ProductClass="期货" Name="以太币" ContractID="20180216" DeliveryDate="20180216" InstLifePhase="上市" IsTrading="是" SettlementPrice="0" CombinationType="期货"/>
		<item InstrumentID="eth180330" Exchange="Okex" Unit_Amount="10" ProductClass="期货" Name="以太币" ContractID="2018033013" DeliveryDate="20180126" InstLifePhase="上市" IsTrading="是" SettlementPrice="0" CombinationType="期货组合"/>
    </Instruments>
    <CommissionRates>
        <item InstrumentID="IF" InvestorRange="所有" BrokerID="9999" InvestorID="00000000" OpenRatioByMoney="2.3E-05" OpenRatioByVolume="0" CloseRatioByMoney="2.3E-05" CloseRatioByVolume="0" CloseTodayRatioByMoney="0.00023" CloseTodayRatioByVolume="0" />
        <item InstrumentID="T" InvestorRange="所有" BrokerID="9999" InvestorID="00000000" OpenRatioByMoney="0" OpenRatioByVolume="3" CloseRatioByMoney="0" CloseRatioByVolume="3" CloseTodayRatioByMoney="0" CloseTodayRatioByVolume="0" />
        <item InstrumentID="SR" InvestorRange="所有" BrokerID="9999" InvestorID="00000000" OpenRatioByMoney="0" OpenRatioByVolume="3" CloseRatioByMoney="0" CloseRatioByVolume="3" CloseTodayRatioByMoney="0" CloseTodayRatioByVolume="0" />
        <item InstrumentID="rb" InvestorRange="所有" BrokerID="9999" InvestorID="00000000" OpenRatioByMoney="0.0001" OpenRatioByVolume="0" CloseRatioByMoney="0.0001" CloseRatioByVolume="0" CloseTodayRatioByMoney="0.0001" CloseTodayRatioByVolume="0" />
        <item InstrumentID="fu" InvestorRange="所有" BrokerID="9999" InvestorID="00000000" OpenRatioByMoney="2E-05" OpenRatioByVolume="0" CloseRatioByMoney="2E-05" CloseRatioByVolume="0" CloseTodayRatioByMoney="2E-05" CloseTodayRatioByVolume="0" />
    </CommissionRates>
    <MarginRates>
        <item InstrumentID="rb1802" InvestorRange="所有" BrokerID="9999" InvestorID="078638" HedgeFlag="套保" LongMarginRatioByMoney="0.1" LongMarginRatioByVolume="0" ShortMarginRatioByMoney="0.1" ShortMarginRatioByVolume="0" IsRelative="false" />
        <item InstrumentID="SR805" InvestorRange="所有" BrokerID="9999" InvestorID="078638" HedgeFlag="套保" LongMarginRatioByMoney="0.05" LongMarginRatioByVolume="0" ShortMarginRatioByMoney="0.05" ShortMarginRatioByVolume="0" IsRelative="false" />
        <item InstrumentID="SR811" InvestorRange="所有" BrokerID="9999" InvestorID="078638" HedgeFlag="套利" LongMarginRatioByMoney="0" LongMarginRatioByVolume="0" ShortMarginRatioByMoney="0" ShortMarginRatioByVolume="0" IsRelative="false" />
        <item InstrumentID="IF1802" InvestorRange="所有" BrokerID="9999" InvestorID="078638" HedgeFlag="套利" LongMarginRatioByMoney="0.2" LongMarginRatioByVolume="0" ShortMarginRatioByMoney="0.2" ShortMarginRatioByVolume="0" IsRelative="false" />
        <item InstrumentID="fu1807" InvestorRange="所有" BrokerID="9999" InvestorID="078638" HedgeFlag="套利" LongMarginRatioByMoney="0" LongMarginRatioByVolume="0" ShortMarginRatioByMoney="0" ShortMarginRatioByVolume="0" IsRelative="false" />
        <item InstrumentID="SR805" InvestorRange="所有" BrokerID="9999" InvestorID="078638" HedgeFlag="投机" LongMarginRatioByMoney="0.05" LongMarginRatioByVolume="0" ShortMarginRatioByMoney="0.05" ShortMarginRatioByVolume="0" IsRelative="false" />
        <item InstrumentID="T1806" InvestorRange="所有" BrokerID="9999" InvestorID="078638" HedgeFlag="套保" LongMarginRatioByMoney="0.02" LongMarginRatioByVolume="0" ShortMarginRatioByMoney="0.02" ShortMarginRatioByVolume="0" IsRelative="false" />
        <item InstrumentID="SR811" InvestorRange="所有" BrokerID="9999" InvestorID="078638" HedgeFlag="套保" LongMarginRatioByMoney="0.05" LongMarginRatioByVolume="0" ShortMarginRatioByMoney="0.05" ShortMarginRatioByVolume="0" IsRelative="false" />
        <item InstrumentID="IF1802" InvestorRange="所有" BrokerID="9999" InvestorID="078638" HedgeFlag="投机" LongMarginRatioByMoney="0.2" LongMarginRatioByVolume="0" ShortMarginRatioByMoney="0.2" ShortMarginRatioByVolume="0" IsRelative="false" />
        <item InstrumentID="rb1802" InvestorRange="所有" BrokerID="9999" InvestorID="078638" HedgeFlag="套利" LongMarginRatioByMoney="0" LongMarginRatioByVolume="0" ShortMarginRatioByMoney="0" ShortMarginRatioByVolume="0" IsRelative="false" />
        <item InstrumentID="fu1807" InvestorRange="所有" BrokerID="9999" InvestorID="078638" HedgeFlag="投机" LongMarginRatioByMoney="0.2" LongMarginRatioByVolume="0" ShortMarginRatioByMoney="0.2" ShortMarginRatioByVolume="0" IsRelative="false" />
        <item InstrumentID="IF1802" InvestorRange="所有" BrokerID="9999" InvestorID="078638" HedgeFlag="套保" LongMarginRatioByMoney="0.2" LongMarginRatioByVolume="0" ShortMarginRatioByMoney="0.2" ShortMarginRatioByVolume="0" IsRelative="false" />
        <item InstrumentID="T1806" InvestorRange="所有" BrokerID="9999" InvestorID="078638" HedgeFlag="投机" LongMarginRatioByMoney="0.02" LongMarginRatioByVolume="0" ShortMarginRatioByMoney="0.02" ShortMarginRatioByVolume="0" IsRelative="false" />
        <item InstrumentID="SR805" InvestorRange="所有" BrokerID="9999" InvestorID="078638" HedgeFlag="套利" LongMarginRatioByMoney="0" LongMarginRatioByVolume="0" ShortMarginRatioByMoney="0" ShortMarginRatioByVolume="0" IsRelative="false" />
        <item InstrumentID="SR811" InvestorRange="所有" BrokerID="9999" InvestorID="078638" HedgeFlag="投机" LongMarginRatioByMoney="0.05" LongMarginRatioByVolume="0" ShortMarginRatioByMoney="0.05" ShortMarginRatioByVolume="0" IsRelative="false" />
        <item InstrumentID="fu1807" InvestorRange="所有" BrokerID="9999" InvestorID="078638" HedgeFlag="套保" LongMarginRatioByMoney="0.2" LongMarginRatioByVolume="0" ShortMarginRatioByMoney="0.2" ShortMarginRatioByVolume="0" IsRelative="false" />
        <item InstrumentID="T1806" InvestorRange="所有" BrokerID="9999" InvestorID="078638" HedgeFlag="套利" LongMarginRatioByMoney="0.02" LongMarginRatioByVolume="0" ShortMarginRatioByMoney="0.02" ShortMarginRatioByVolume="0" IsRelative="false" />
        <item InstrumentID="rb1802" InvestorRange="所有" BrokerID="9999" InvestorID="078638" HedgeFlag="投机" LongMarginRatioByMoney="0.1" LongMarginRatioByVolume="0" ShortMarginRatioByMoney="0.1" ShortMarginRatioByVolume="0" IsRelative="false" />
    </MarginRates>
</Config>