﻿<Configs>
    <StrategyLibs>
        <StrategyLib ID="1" Name="螺纹套利" StrategyType="主策略" Description="螺纹钢套利交易开仓策略" Quant="10" CloseStrategyTempID="2">
            <ListOfInstrumentID>
                <InstrumentID>1*rb1610-1*rb1701</InstrumentID>
            </ListOfInstrumentID>
            <OrderParams>
                <OrderParam TradeDirection="多" OrderType="限价" LimitPrice="94" />
            </OrderParams>
            <Conditions>
                <Condition ConditionType="本机价格条件" ConditionLogics="并且">
                    <PriceStruct PriceType="最新价" ContingentCondition="大于" PercentPoint="指定价格" TriggerPrice="0" TruePrice="0" />
                    <State>false</State>
                </Condition>
                <Condition ConditionType="本机时间条件" ConditionLogics="或者">
                    <TimeStruct TimeLogics="准时" TriggerTime="">
                        <TrigerDateTime>0001-01-01T00:00:00</TrigerDateTime>
                    </TimeStruct>
                    <State>false</State>
                </Condition>
            </Conditions>
        </StrategyLib>
        <StrategyLib ID="2" Name="螺纹套利平仓策略" StrategyType="平仓策略" Description="针对螺纹钢套利交易设计的平仓策略" Quant="0" CloseStrategyTempID="0">
            <ListOfInstrumentID />
            <OrderParams>
                <OrderParam TradeDirection="空" OrderType="限价" LimitPrice="2294" />
            </OrderParams>
            <Conditions>
                <Condition ConditionType="本机价格条件" ConditionLogics="并且">
                    <State>false</State>
                </Condition>
                <Condition ConditionType="本机时间条件" ConditionLogics="或者">
                    <TimeStruct TimeLogics="之后" TriggerTime="">
                        <TrigerDateTime>0001-01-01T00:00:00</TrigerDateTime>
                    </TimeStruct>
                    <State>false</State>
                </Condition>
            </Conditions>
        </StrategyLib>
        <StrategyLib ID="3" Name="open301" StrategyType="主策略" Description="服务器主策略" Quant="12" CloseStrategyTempID="4">
            <ListOfInstrumentID>
                <InstrumentID>rb1701</InstrumentID>
            </ListOfInstrumentID>
            <OrderParams>
                <OrderParam TradeDirection="多" OrderType="限价" LimitPrice="2304" />
            </OrderParams>
            <Conditions>
                <Condition ConditionType="本机价格条件" ConditionLogics="并且">
                    <State>false</State>
                </Condition>
                <Condition ConditionType="本机时间条件" ConditionLogics="并且">
                    <TimeStruct TimeLogics="之前" TriggerTime="">
                        <TrigerDateTime>0001-01-01T00:00:00</TrigerDateTime>
                    </TimeStruct>
                    <State>false</State>
                </Condition>
            </Conditions>
        </StrategyLib>
        <StrategyLib ID="4" Name="exit501" StrategyType="平仓策略" Description="服务器平仓策略" Quant="0" CloseStrategyTempID="0">
            <ListOfInstrumentID />
            <OrderParams>
                <OrderParam TradeDirection="多" OrderType="限价" LimitPrice="342" />
            </OrderParams>
            <Conditions>
                <Condition ConditionType="本机价格条件" ConditionLogics="并且">
                    <State>false</State>
                </Condition>
                <Condition ConditionType="本机时间条件" ConditionLogics="或者">
                    <TimeStruct TimeLogics="之前" TriggerTime="">
                        <TrigerDateTime>0001-01-01T00:00:00</TrigerDateTime>
                    </TimeStruct>
                    <State>false</State>
                </Condition>
            </Conditions>
        </StrategyLib>
        <StrategyLib ID="5" Name="open401" StrategyType="主策略" Description="服务器预埋单" Quant="5" CloseStrategyTempID="0">
            <ListOfInstrumentID>
                <InstrumentID>rb1701</InstrumentID>
            </ListOfInstrumentID>
            <OrderParams>
                <OrderParam TradeDirection="空" OrderType="限价" LimitPrice="290" />
            </OrderParams>
            <Conditions>
                <Condition ConditionType="本机价格条件" ConditionLogics="并且">
                    <State>false</State>
                </Condition>
                <Condition ConditionType="本机时间条件" ConditionLogics="或者">
                    <TimeStruct TimeLogics="之前" TriggerTime="">
                        <TrigerDateTime>0001-01-01T00:00:00</TrigerDateTime>
                    </TimeStruct>
                    <State>false</State>
                </Condition>
            </Conditions>
        </StrategyLib>
    </StrategyLibs>
</Configs>